{
	"info": {
		"_postman_id": "51964df7-0de0-4164-84c7-49baea78c1f2",
		"name": "OOP second lab",
		"schema": "https://schema.getpostman.com/json/collection/v2.1.0/collection.json"
	},
	"item": [
		{
			"name": "create element",
			"request": {
				"method": "POST",
				"header": [],
				"body": {
					"mode": "raw",
					"raw": "{\n    \"name\": \"Capacitor 4,7 uF 16V\",\n    \"value\": 0.0047,\n    \"voltage\": 16,\n    \"producer\": \"Hitano\",\n    \"type\": \"CONDENSER\",\n    \"price\": 2.2,\n    \"amount\": 1652,\n    \"kits\": [\n        {\n        \t\"id\": 70,\n            \"name\": \"testKitName9\",\n            \"producer\": \"Coolbass\",\n            \"price\": 180\n        }\n    ]\n}",
					"options": {
						"raw": {
							"language": "json"
						}
					}
				},
				"url": {
					"raw": "http://localhost:8080/elements/",
					"protocol": "http",
					"host": [
						"localhost"
					],
					"port": "8080",
					"path": [
						"elements",
						""
					]
				}
			},
			"response": []
		},
		{
			"name": "get all elements",
			"protocolProfileBehavior": {
				"disabledSystemHeaders": {}
			},
			"request": {
				"method": "GET",
				"header": [
					{
						"key": "Accept",
						"value": "application/xml",
						"type": "text",
						"disabled": true
					}
				],
				"url": {
					"raw": "http://localhost:8080/elements",
					"protocol": "http",
					"host": [
						"localhost"
					],
					"port": "8080",
					"path": [
						"elements"
					],
					"query": [
						{
							"key": "maxPrice",
							"value": "1",
							"disabled": true
						},
						{
							"key": "producer",
							"value": "Hitano",
							"disabled": true
						},
						{
							"key": "sortBy",
							"value": "AMOUNT",
							"disabled": true
						},
						{
							"key": "type",
							"value": "RESISTOR",
							"disabled": true
						}
					]
				}
			},
			"response": []
		},
		{
			"name": "get element",
			"request": {
				"method": "GET",
				"header": [],
				"url": {
					"raw": "http://localhost:8080/elements/1",
					"protocol": "http",
					"host": [
						"localhost"
					],
					"port": "8080",
					"path": [
						"elements",
						"1"
					]
				}
			},
			"response": []
		},
		{
			"name": "get replacement element",
			"request": {
				"method": "GET",
				"header": [],
				"url": {
					"raw": "http://localhost:8080/elements/32/comp",
					"protocol": "http",
					"host": [
						"localhost"
					],
					"port": "8080",
					"path": [
						"elements",
						"32",
						"comp"
					],
					"query": [
						{
							"key": "sortBy",
							"value": "PRICE",
							"disabled": true
						}
					]
				}
			},
			"response": []
		},
		{
			"name": "Update element",
			"request": {
				"method": "PUT",
				"header": [],
				"body": {
					"mode": "raw",
					"raw": "{\n    \"id\": 14,\n    \"name\": \"Capacitor 100 uF 10V\",\n    \"value\": 0.0001,\n    \"voltage\": 10,\n    \"producer\": \"Rubycon\",\n    \"type\": \"CONDENSER\",\n    \"price\": 0.75,\n    \"amount\": 147,\n    \"kits\": [],\n    \"links\": [\n        {\n            \"rel\": \"self\",\n            \"href\": \"http://localhost:8080/elements/14\"\n        },\n        {\n            \"rel\": \"replacementForElement\",\n            \"href\": \"http://localhost:8080/elements/14/comp\"\n        }\n    ]\n}",
					"options": {
						"raw": {
							"language": "json"
						}
					}
				},
				"url": {
					"raw": "http://localhost:8080/elements/14",
					"protocol": "http",
					"host": [
						"localhost"
					],
					"port": "8080",
					"path": [
						"elements",
						"14"
					]
				}
			},
			"response": []
		},
		{
			"name": "delete element",
			"request": {
				"method": "DELETE",
				"header": [],
				"url": {
					"raw": "http://localhost:8080/elements/1",
					"protocol": "http",
					"host": [
						"localhost"
					],
					"port": "8080",
					"path": [
						"elements",
						"1"
					]
				}
			},
			"response": []
		},
		{
			"name": "create kit",
			"request": {
				"method": "POST",
				"header": [],
				"body": {
					"mode": "raw",
					"raw": "{\n    \"name\": \"testKitName10\",\n    \"producer\": \"Sparkfun\",\n    \"price\": 700.99,\n    \"elements\": [\n        {\n            \"id\": 65\n        },\n        {\n            \"id\": 40\n        },\n        {\n            \"id\": 26\n        },\n        {\n            \"id\": 22\n        },\n        {\n        \t\"id\": 129,\n            \"name\": \"Capacitor 470 nF 100V\",\n            \"value\": 0.00000047,\n            \"voltage\": 100,\n            \"producer\": \"Epcos\",\n            \"type\": \"CONDENSER\",\n            \"price\": 1.3,\n            \"amount\": 8025\n        }\n    ]\n}",
					"options": {
						"raw": {
							"language": "json"
						}
					}
				},
				"url": {
					"raw": "http://localhost:8080/kits/",
					"protocol": "http",
					"host": [
						"localhost"
					],
					"port": "8080",
					"path": [
						"kits",
						""
					]
				}
			},
			"response": []
		},
		{
			"name": "get all kits",
			"request": {
				"method": "GET",
				"header": [],
				"url": {
					"raw": "http://localhost:8080/kits?sortBy=PRODUCER&maxPrice=100.0&producer=DAGU",
					"protocol": "http",
					"host": [
						"localhost"
					],
					"port": "8080",
					"path": [
						"kits"
					],
					"query": [
						{
							"key": "sortBy",
							"value": "PRODUCER"
						},
						{
							"key": "maxPrice",
							"value": "100.0"
						},
						{
							"key": "producer",
							"value": "DAGU"
						}
					]
				}
			},
			"response": []
		},
		{
			"name": "get kit",
			"request": {
				"method": "GET",
				"header": [],
				"url": {
					"raw": "http://localhost:8080/kits/17",
					"protocol": "http",
					"host": [
						"localhost"
					],
					"port": "8080",
					"path": [
						"kits",
						"17"
					]
				}
			},
			"response": []
		},
		{
			"name": "update kit",
			"request": {
				"method": "PUT",
				"header": [],
				"body": {
					"mode": "raw",
					"raw": "{\n    \"name\": \"testKitName10\",\n    \"producer\": \"Sparkfun\",\n    \"price\": 700.99,\n    \"elements\": [\n        {\n            \"id\": 23\n        },\n        {\n            \"id\": 129,\n            \"name\": \"Capacitor 480 nF 100V\",\n            \"value\": 4.8e-7,\n            \"voltage\": 100,\n            \"producer\": \"Epcos\",\n            \"type\": \"CONDENSER\",\n            \"price\": 1.3,\n            \"amount\": 8425\n        }\n    ]\n}",
					"options": {
						"raw": {
							"language": "json"
						}
					}
				},
				"url": {
					"raw": "http://localhost:8080/kits/2",
					"protocol": "http",
					"host": [
						"localhost"
					],
					"port": "8080",
					"path": [
						"kits",
						"2"
					]
				}
			},
			"response": []
		},
		{
			"name": "delete kit",
			"request": {
				"method": "DELETE",
				"header": [],
				"url": {
					"raw": "http://localhost:8080/kits/45",
					"protocol": "http",
					"host": [
						"localhost"
					],
					"port": "8080",
					"path": [
						"kits",
						"45"
					]
				}
			},
			"response": []
		},
		{
			"name": "get list of all elements types",
			"request": {
				"method": "GET",
				"header": [],
				"url": {
					"raw": "http://localhost:8080/elements/types",
					"protocol": "http",
					"host": [
						"localhost"
					],
					"port": "8080",
					"path": [
						"elements",
						"types"
					]
				}
			},
			"response": []
		}
	],
	"protocolProfileBehavior": {}
}